"time", "liberal percentage", "conservative percentage", "liberal positive", "liberal negative", "conservative positive", "conservative negative"
"12:31:14", "96.895001", "3.104999", "153874.000000", "-21451.000000", "4.000000", "-5090.000000"
"12:31:44", "36.339559", "63.660441", "394.000000", "-28713.000000", "24429.000000", "-31575.000000"
"12:32:14", "7.302893", "92.697107", "6231.000000", "-1141.000000", "90539.000000", "-979.000000"
"12:32:44", "99.606720", "0.393280", "886942.000000", "-5004.000000", "1721.000000", "-1788.000000"
"12:33:14", "50.543308", "49.456692", "4774.000000", "-6218.000000", "2661.000000", "-93511.000000"
"12:33:44", "92.998327", "7.001673", "81512.000000", "0.000000", "5939.000000", "-214.000000"
"12:34:14", "87.395038", "12.604962", "27685.000000", "-680.000000", "3993.000000", "0.000000"
"12:34:44", "95.981128", "4.018872", "33637.000000", "-8156.000000", "1281.000000", "-133.000000"
"12:35:14", "60.710538", "39.289462", "8100.000000", "-7375.000000", "5242.000000", "0.000000"
"12:35:44", "91.190170", "8.809830", "146184.000000", "-23754.000000", "94.000000", "-15529.000000"
"12:36:09", "38.523173", "61.476827", "5126.000000", "0.000000", "40305.000000", "-53915.000000"
"12:36:39", "0.000000", "100.000000", "0.000000", "0.000000", "237.000000", "0.000000"
"12:37:46", "10.082681", "89.917319", "12926.000000", "-84037.000000", "2936108.000000", "-356256.000000"
"12:38:16", "6.154986", "93.845014", "117733.000000", "-56612.000000", "17716828.000000", "-1117552.000000"
"12:38:46", "8.590193", "91.409807", "333092.000000", "-1381.000000", "13701922.000000", "-1053546.000000"
"12:52:40", "71.748104", "28.251896", "1418050.463412", "-840243.042405", "283724.313130", "-453049.428363"
"12:53:10", "52.523977", "47.476023", "1432900.475392", "-837739.979130", "1247838.734370", "-492667.627663"
"12:53:42", "52.198628", "47.801372", "1434944.350887", "-1005071.684970", "1276184.157970", "-449654.848282"
"12:54:12", "51.457961", "48.542039", "1384588.241012", "-992947.223779", "1276150.197330", "-529043.660282"
"12:54:42", "50.068952", "49.931048", "1318108.689412", "-1316322.248939", "1312394.142230", "-756675.012642"
"12:55:12", "40.122044", "59.877956", "629295.837673", "-2233558.360060", "1275766.880530", "-683614.384410"
"12:55:42", "39.931129", "60.068871", "601734.174603", "-2249226.427784", "1210785.954430", "-605954.637630"
"12:56:13", "39.765412", "60.234588", "598332.567400", "-2234632.519734", "1255808.439666", "-678944.075390"
"12:56:43", "53.984489", "46.015511", "614226.633213", "-1468535.992544", "424432.481236", "-671501.531970"
"12:57:13", "54.203057", "45.796943", "651742.938768", "-1455608.650222", "427427.648506", "-794653.688720"
"12:57:43", "54.005503", "45.994497", "561220.748838", "-1233055.659283", "397008.450486", "-545802.178180"
"12:58:13", "48.972938", "51.027062", "305045.886847", "-344598.697382", "333084.786306", "-363436.948950"
"12:58:43", "47.443253", "52.556747", "332651.577059", "-317663.032372", "411612.722306", "-399953.921680"
"12:59:13", "55.280267", "44.719733", "1103794.782911", "-295486.328568", "440400.960526", "-2368812.593120"
"12:59:43", "56.364769", "43.635231", "1082610.905261", "-1930567.216208", "307370.301990", "-2350055.406595"
"13:00:13", "57.340566", "42.659434", "1087561.650751", "-1989829.928368", "225917.411484", "-2277789.691545"
"13:00:43", "57.341596", "42.658404", "1068647.416464", "-1996625.868390", "221738.009194", "-2238749.065445"
"13:01:13", "56.731349", "43.268651", "939776.531114", "-1880762.330710", "198604.281442", "-2183497.903154"
"13:01:43", "47.310835", "52.689165", "190676.822219", "-1913112.119410", "246002.206622", "-295996.538362"
"13:02:13", "59.970111", "40.029889", "866324.008334", "-272277.165180", "445563.493712", "-399110.998772"
"13:02:43", "58.775746", "41.224254", "919153.801436", "-338266.251540", "430969.942580", "-715657.085837"
"13:03:13", "59.465873", "40.534127", "1023087.582232", "-325839.802220", "449979.686540", "-777082.363337"
"13:03:43", "58.676941", "41.323059", "1027959.452842", "-375111.469070", "488458.793992", "-796199.938308"
"13:04:13", "57.689641", "42.310359", "1070418.360411", "-411469.252930", "548077.905632", "-888947.128850"
"13:04:43", "52.458846", "47.541154", "732748.330971", "-435510.760107", "573785.774962", "-962964.301176"
"13:05:13", "43.993107", "56.006893", "689180.529542", "-473010.856617", "1019662.978490", "-521008.391006"
"13:05:43", "45.457553", "54.542447", "751043.401643", "-588843.236447", "992879.903710", "-459019.696526"
"13:06:13", "46.442575", "53.557425", "769855.649970", "-1645133.113077", "1018476.347500", "-853029.504386"
"13:06:43", "46.027674", "53.972326", "659497.088968", "-1622895.201527", "869683.347980", "-558225.773956"
"13:07:13", "42.450211", "57.549789", "330875.372629", "-1538359.342050", "623034.159990", "-490485.480150"
"13:07:43", "53.372604", "46.627396", "312297.705627", "-1338181.453740", "209654.996020", "-499880.136370"
"13:08:14", "49.423194", "50.576806", "237245.981892", "-1245124.989640", "255343.191715", "-538077.197330"
"13:08:44", "42.005984", "57.994016", "140496.992882", "-406242.912480", "272264.779714", "-205701.662570"
"13:09:14", "43.983280", "56.016720", "225815.739477", "-396104.396858", "333763.353114", "-168742.297460"
"13:09:44", "49.442094", "50.557906", "337422.092087", "-384470.086558", "348679.195704", "-161384.438910"
"13:10:14", "51.078570", "48.921430", "314079.087787", "-397680.194308", "294535.394311", "-148693.014710"
"13:10:44", "54.766649", "45.233351", "334966.982386", "-437839.488158", "243623.108056", "-189782.970610"
"16:02:45", "58.254930", "41.745070", "296654.000000", "-1492130.000000", "166658.000000", "-162036.000000"
"16:03:15", "61.672975", "38.327025", "368637.000000", "-1091470.000000", "167256.000000", "-163351.000000"
"16:03:45", "50.434977", "49.565023", "181253.000000", "-456806.000000", "175678.000000", "-141954.000000"
"16:04:15", "50.961797", "49.038203", "209948.000000", "-440847.000000", "200731.000000", "-34238.000000"
"16:04:45", "50.896184", "49.103816", "202059.000000", "-445727.000000", "194583.000000", "-10230.000000"
"16:05:15", "86.455661", "13.544339", "1282596.000000", "-434627.000000", "195015.000000", "-7019.000000"
"16:05:45", "95.070894", "4.929106", "1280936.000000", "-59950.000000", "53999.000000", "-13092.000000"
"16:06:15", "94.883777", "5.116223", "1198069.000000", "-62800.000000", "51442.000000", "-13909.000000"
"16:06:45", "58.403530", "41.596470", "1213311.000000", "-59646.000000", "859477.000000", "-16241.000000"
"16:15:07", "60.658700", "39.341300", "835271.000000", "-492310.000000", "95665.000000", "-71303.000000"
"16:15:37", "49.576641", "50.423359", "818435.000000", "-493435.000000", "406150.000000", "-66044.000000"
"16:26:21", "2.584889", "97.415111", "75639.000000", "-5306934.000000", "160908.000000", "-69449.000000"
"16:26:51", "3.040712", "96.959288", "102755.000000", "-5311318.000000", "192098.000000", "-69836.000000"
"16:27:21", "3.725545", "96.274455", "160036.000000", "-5309148.000000", "197514.000000", "-53056.000000"
"16:27:51", "3.793570", "96.206430", "159960.000000", "-5290577.000000", "178011.000000", "-55675.000000"
"16:28:18", "81.081081", "18.918919", "18541.000000", "-4424.000000", "0.000000", "-419.000000"
"16:28:48", "78.166605", "21.833395", "18611.000000", "-57273.000000", "8899.000000", "-218294.000000"
"16:29:18", "81.978320", "18.021680", "605.000000", "-133.000000", "0.000000", "0.000000"
"16:29:48", "17.155256", "82.844744", "1779.000000", "-2226.000000", "6365.000000", "0.000000"
"16:30:18", "88.119800", "11.880200", "2029.000000", "-1071.000000", "0.000000", "-5915.000000"
"16:30:48", "21.989529", "78.010471", "0.000000", "-1023.000000", "20.000000", "-294.000000"
"16:31:18", "97.122553", "2.877447", "169744.000000", "-5019.000000", "10.000000", "0.000000"
"16:31:48", "50.196726", "49.803274", "107284.000000", "-157972.000000", "0.000000", "-51936.000000"
"16:32:18", "79.015132", "20.984868", "10625.000000", "-49340.000000", "17143.000000", "-239706.000000"
"16:32:48", "49.348501", "50.651499", "47912.000000", "-6435.000000", "96423.000000", "-52300.000000"
"16:33:18", "0.277478", "99.722522", "0.000000", "-1934.000000", "94023.000000", "-267.000000"
"16:33:48", "14.843261", "85.156739", "19607.000000", "-18796.000000", "317482.000000", "-39008.000000"
"16:34:18", "58.997715", "41.002285", "250.000000", "-43845.000000", "45148.000000", "-127801.000000"
"16:34:48", "43.806507", "56.193493", "63034.000000", "-96023.000000", "46804.000000", "-48309.000000"
"16:35:18", "24.999772", "75.000228", "249.000000", "-3152.000000", "161169.000000", "-54524.000000"
"16:35:48", "66.714030", "33.285970", "149393.000000", "-132329.000000", "61405.000000", "-238902.000000"
"16:36:18", "83.160943", "16.839057", "3240.000000", "-14538.000000", "0.000000", "-68557.000000"
"16:36:48", "28.727604", "71.272396", "31624.000000", "-154765.000000", "80456.000000", "-63186.000000"
"16:37:18", "19.441509", "80.558491", "6037.000000", "-53540.000000", "64624.000000", "-22480.000000"
"16:37:48", "96.493559", "3.506441", "5243744.000000", "-193029.000000", "400.000000", "-79218.000000"
"16:38:18", "16.147908", "83.852092", "26343.000000", "-10838.000000", "127876.000000", "-370.000000"
"16:38:48", "42.136249", "57.863751", "21032.000000", "-24691.000000", "4205.000000", "-10.000000"
"16:39:18", "50.408758", "49.591242", "230076.000000", "-160207.000000", "75885.000000", "-9908.000000"
"16:39:48", "89.444691", "10.555309", "61578.000000", "-6850.000000", "527.000000", "-934.000000"
"16:40:18", "54.380121", "45.619879", "9458.000000", "-63756.000000", "80177.000000", "-162114.000000"
"16:40:48", "51.719906", "48.280094", "5090.000000", "-20310.000000", "77645.000000", "-99844.000000"
"16:41:18", "99.143981", "0.856019", "1485912.000000", "-11867.000000", "1059.000000", "-11175.000000"
"16:41:48", "46.780129", "53.219871", "39009.000000", "-138775.000000", "17858.000000", "-98671.000000"
"16:42:18", "88.940587", "11.059413", "4602.000000", "-10826.000000", "1938.000000", "-98047.000000"
"16:42:48", "3.055093", "96.944907", "199.000000", "-26506.000000", "276.000000", "-645.000000"
"16:43:18", "80.993289", "19.006711", "61092.000000", "-5398.000000", "12700.000000", "-16029.000000"
"16:43:48", "2.681287", "97.318713", "5747.000000", "-21444.000000", "201229.000000", "-388.000000"
"16:44:18", "80.471265", "19.528735", "0.000000", "-3461.000000", "3393.000000", "-28243.000000"
"16:44:48", "50.127986", "49.872014", "1117.000000", "-7266.000000", "190295.000000", "-197458.000000"
"16:45:18", "65.909989", "34.090011", "9402.000000", "-108466.000000", "215.000000", "-200723.000000"
"16:45:48", "22.973629", "77.026371", "13552.000000", "-60287.000000", "0.000000", "-4429.000000"
"16:46:18", "69.937471", "30.062529", "4763.000000", "-8925.000000", "2181.000000", "-21074.000000"
"16:46:48", "21.152296", "78.847704", "5694.000000", "-6151.000000", "105357.000000", "-24220.000000"
"16:47:18", "96.388670", "3.611330", "183779.000000", "-1527.000000", "5610.000000", "-6712.000000"
"16:47:48", "2.493276", "97.506724", "477.000000", "-178893.000000", "4562.000000", "-4214.000000"
"16:48:18", "92.038910", "7.961090", "7191.000000", "-295.000000", "327.000000", "0.000000"
"16:48:48", "8.103671", "91.896329", "26.000000", "-4925.000000", "21384.000000", "-2294.000000"
"16:49:18", "21.215084", "78.784916", "24843.000000", "-77236.000000", "17844.000000", "-760.000000"
"16:49:48", "1.500507", "98.499493", "1755.000000", "-1462.000000", "114203.000000", "-7.000000"
"16:50:18", "64.841892", "35.158108", "14723.000000", "-5831.000000", "2152.000000", "0.000000"
"17:01:18", "86.196913", "13.803087", "125805.000000", "-10727.000000", "29558.000000", "-125765.000000"
"17:01:48", "46.774935", "53.225065", "184159.000000", "-208048.000000", "1506.000000", "0.000000"
"17:02:18", "2.974926", "97.025074", "140.000000", "-18.000000", "4548.000000", "0.000000"
"17:02:48", "52.199149", "47.800851", "921.000000", "-99812.000000", "22649.000000", "-132808.000000"
"17:03:18", "81.074136", "18.925864", "18930.000000", "-4419.000000", "0.000000", "0.000000"
"17:03:48", "43.047636", "56.952364", "8708.000000", "-184082.000000", "0.000000", "-130431.000000"
"17:04:18", "47.775169", "52.224831", "4792.000000", "-10486.000000", "8199.000000", "-12301.000000"
"17:04:48", "80.573163", "19.426837", "20974.000000", "-3661.000000", "1396.000000", "0.000000"
"17:05:18", "31.049223", "68.950777", "5527.000000", "-5614.000000", "10677.000000", "-1809.000000"
"17:05:48", "62.897491", "37.102509", "11766.000000", "-43632.000000", "402.000000", "-62882.000000"
"17:06:18", "96.073681", "3.926319", "265.000000", "-1010.000000", "1486.000000", "-60810.000000"
"17:06:48", "5.076477", "94.923523", "4693.000000", "-87753.000000", "0.000000", "0.000000"
"17:07:18", "1.314882", "98.685118", "33271.000000", "-2492357.000000", "4714.000000", "0.000000"
"17:10:10", "100.000000", "0.000000", "57612.000000", "0.000000", "0.000000", "-7160.000000"
"17:10:40", "90.454798", "9.545202", "29135.000000", "-12013.000000", "6196.000000", "-143422.000000"
"17:11:10", "57.006572", "42.993428", "709.000000", "-3892.000000", "164.000000", "-4669.000000"
"17:11:40", "98.219716", "1.780284", "104115.000000", "-1777.000000", "553.000000", "-24433.000000"
"17:12:10", "95.654795", "4.345205", "3308883.000000", "-132049.000000", "18260.000000", "0.000000"
"17:12:40", "77.589758", "22.410242", "14178.000000", "-8862.000000", "170.000000", "-17093.000000"
"17:18:39", "85.050478", "14.949522", "18749.000000", "0.000000", "4472.000000", "-6693.000000"
"17:19:09", "74.287611", "25.712389", "26284.000000", "-3439.000000", "54274.000000", "-140459.000000"
"17:19:39", "41.566348", "58.433652", "20490.000000", "-34075.000000", "0.000000", "-3749.000000"
"17:20:09", "71.995473", "28.004527", "3796.000000", "-17830.000000", "2706.000000", "-48999.000000"
"17:20:39", "20.915089", "79.084911", "3206.000000", "-16393.000000", "10934.000000", "-4021.000000"
"17:21:09", "59.465211", "40.534789", "2321.000000", "-7382.000000", "46.000000", "-8576.000000"
"17:21:39", "37.676239", "62.323761", "10959.000000", "-18992.000000", "1386.000000", "-1360.000000"
"17:22:09", "73.867245", "26.132755", "24193.000000", "-7037.000000", "1522.000000", "0.000000"
"17:22:39", "44.034831", "55.965169", "10822.000000", "-3157.000000", "10597.000000", "0.000000"
"17:23:09", "69.902803", "30.097197", "3756.000000", "-11888.000000", "1396.000000", "-27097.000000"
"17:23:39", "47.470918", "52.529082", "38080.000000", "-50440.000000", "0.000000", "-7503.000000"
"17:24:09", "19.258722", "80.741278", "0.000000", "-1365.000000", "213603.000000", "-51275.000000"
"17:27:38", "83.611357", "16.388643", "8013.000000", "-33639.000000", "0.000000", "-163606.000000"
"17:28:08", "65.519682", "34.480318", "1645.000000", "-22249.000000", "648.000000", "-41864.000000"
"17:28:38", "91.198684", "8.801316", "64369.000000", "-4663.000000", "1595.000000", "-476.000000"
"17:29:08", "97.230414", "2.769586", "65014.000000", "-1161.000000", "877.000000", "-6533.000000"
"17:29:38", "32.826603", "67.173397", "691.000000", "-658.000000", "756.000000", "0.000000"
"17:30:08", "82.143500", "17.856500", "5441.000000", "-19311.000000", "15394.000000", "-154209.000000"
"17:30:38", "36.199587", "63.800413", "1064.000000", "-5300.000000", "569.000000", "-2266.000000"
"17:31:08", "88.617180", "11.382820", "37202.000000", "-3043.000000", "2594.000000", "-6683.000000"
"17:31:38", "6.242573", "93.757427", "7092.000000", "-1106.000000", "269522.000000", "-10927.000000"
"17:32:08", "89.181345", "10.818655", "6074.000000", "-4803.000000", "1646.000000", "-47087.000000"
"17:32:38", "29.871995", "70.128005", "34859.000000", "-123451.000000", "9842.000000", "-21919.000000"
"17:33:08", "62.512248", "37.487752", "14528.000000", "-3918.000000", "5647.000000", "-1422.000000"
"17:34:04", "2.581987", "97.418013", "1999.000000", "-75422.000000", "0.000000", "0.000000"
"17:34:52", "39.869583", "60.130417", "19015.000000", "-27281.000000", "1397.000000", "0.000000"
"17:35:22", "95.066487", "4.933513", "9866.000000", "-512.000000", "0.000000", "0.000000"
"17:35:52", "97.542086", "2.457914", "93577.000000", "-2228.000000", "130.000000", "0.000000"
"17:36:22", "71.924356", "28.075644", "3461.000000", "-1351.000000", "0.000000", "0.000000"
"17:36:46", "95.458075", "4.541925", "9836.000000", "-422.000000", "46.000000", "0.000000"
"17:37:16", "1.771594", "98.228406", "2935.000000", "-155096.000000", "7639.000000", "0.000000"
"17:39:08", "54.821931", "45.178069", "22722.000000", "-21601.000000", "548.000000", "-4155.000000"
"17:40:05", "4.382865", "95.617135", "7652.000000", "-84259.000000", "82678.000000", "0.000000"
"17:40:35", "60.194175", "39.805825", "13702.000000", "-7789.000000", "1272.000000", "0.000000"
"17:41:12", "65.407180", "34.592820", "5350.000000", "-3555.000000", "1398.000000", "-4015.000000"
"17:42:23", "75.690936", "24.309064", "276.000000", "-579.000000", "239.000000", "-2271.000000"
"17:42:53", "2.203365", "97.796635", "1810.000000", "-415499.000000", "4473.000000", "-7652.000000"
"17:43:34", "87.555105", "12.444895", "25989.000000", "-200.000000", "5446.000000", "-13733.000000"
"17:44:04", "13.587554", "86.412446", "9151.000000", "-76208.000000", "0.000000", "-2832.000000"
"17:44:48", "40.154667", "59.845333", "1237.000000", "-12912.000000", "1327.000000", "-8317.000000"
"17:45:18", "99.203934", "0.796066", "416597.000000", "-2845.000000", "498.000000", "0.000000"
"17:45:48", "4.445544", "95.554456", "2007.000000", "-75295.000000", "0.000000", "-1496.000000"
"17:46:49", "35.647795", "64.352205", "3107.000000", "-5038.000000", "38791.000000", "-21172.000000"
"17:47:19", "89.560888", "10.439112", "31758.000000", "-3532.000000", "179.000000", "-80.000000"
"17:47:49", "71.911636", "28.088364", "28741.000000", "-12219.000000", "0.000000", "-2542.000000"
"17:48:19", "5.363787", "94.636213", "2595.000000", "-45784.000000", "1.000000", "0.000000"
"17:48:46", "89.922481", "10.077519", "12471.000000", "-85.000000", "2762.000000", "-12933.000000"
"17:49:16", "40.951733", "59.048267", "67106.000000", "-3733.000000", "97856.000000", "-3349.000000"
"17:49:46", "10.553135", "89.446865", "2713.000000", "-22995.000000", "0.000000", "0.000000"
"17:50:16", "98.692864", "1.307136", "92607.000000", "-825.000000", "604.000000", "-15287.000000"
"17:50:46", "2.381917", "97.618083", "192.000000", "-278763.000000", "823.000000", "-6630.000000"
"17:51:16", "32.439778", "67.560222", "12174.000000", "-25354.000000", "0.000000", "0.000000"
"17:51:46", "6.692574", "93.307426", "13722.000000", "-223096.000000", "159875.000000", "-13747.000000"
"17:52:59", "4.638691", "95.361309", "12827.000000", "-258643.000000", "5052.000000", "0.000000"
"17:53:29", "21.043958", "78.956042", "3503.000000", "-20393.000000", "1646.000000", "-2371.000000"
"17:53:59", "4.156828", "95.843172", "11935.000000", "-86017.000000", "189166.000000", "0.000000"
"17:54:27", "55.828800", "44.171200", "10057.000000", "-5587.000000", "2370.000000", "0.000000"
"17:54:57", "96.183535", "3.816465", "82471.000000", "-3005.000000", "357.000000", "-2259.000000"
"17:55:51", "91.355616", "8.644384", "22538.000000", "-3650.000000", "470.000000", "-21003.000000"
"17:56:21", "47.952815", "52.047185", "7127.000000", "-9089.000000", "0.000000", "-1247.000000"
"17:56:51", "86.351345", "13.648655", "51411.000000", "-7361.000000", "765.000000", "0.000000"
"17:57:21", "6.650276", "93.349724", "6618.000000", "-92843.000000", "180.000000", "-9.000000"
"17:58:02", "63.995357", "36.004643", "18398.000000", "-7250.000000", "6089.000000", "-5311.000000"
"17:58:32", "6.624413", "93.375587", "78013.000000", "-1099449.000000", "197.000000", "0.000000"
"17:59:02", "59.318807", "40.681193", "13967.000000", "-9420.000000", "195.000000", "-53.000000"
"17:59:32", "4.851393", "95.148607", "728.000000", "-8240.000000", "6038.000000", "0.000000"
"18:00:02", "95.957391", "4.042609", "84407.000000", "-63.000000", "3493.000000", "0.000000"
"18:00:32", "61.933822", "38.066178", "37441.000000", "-25263.000000", "0.000000", "-3662.000000"
"18:01:02", "60.168933", "39.831067", "14095.000000", "-9667.000000", "0.000000", "-508.000000"
"18:01:32", "96.907683", "3.092317", "77101.000000", "-441.000000", "4615.000000", "-81345.000000"
"18:02:02", "85.210852", "14.789148", "5779.000000", "-1003.000000", "0.000000", "0.000000"
"18:02:32", "57.528618", "42.471382", "3920.000000", "-1114.000000", "1780.000000", "0.000000"
"18:02:57", "32.311458", "67.688542", "1926.000000", "-3385.000000", "2422.000000", "-846.000000"
"18:03:27", "38.943591", "61.056409", "69.000000", "-9530.000000", "4422.000000", "-8830.000000"
"18:03:57", "66.083494", "33.916506", "5746.000000", "-15547.000000", "1319.000000", "-27116.000000"
"18:04:27", "33.835833", "66.164167", "25500.000000", "-37132.000000", "31907.000000", "-9806.000000"
"18:04:57", "99.978864", "0.021136", "156012.000000", "0.000000", "33.000000", "-84.000000"
"18:05:27", "44.177519", "55.822481", "1372.000000", "-11048.000000", "24574.000000", "-26819.000000"
"18:05:57", "99.582823", "0.417177", "5272897.000000", "-6320.000000", "15770.000000", "-123.000000"
"18:06:27", "9.284129", "90.715871", "520.000000", "-13787.000000", "1749.000000", "-1070.000000"
"18:06:57", "12.256549", "87.743451", "397.000000", "-38212.000000", "1749.000000", "-5185.000000"
"18:07:27", "97.202639", "2.797361", "294560.000000", "-233.000000", "8306.000000", "-2153.000000"
"18:07:57", "1.750790", "98.249210", "300.000000", "-11738.000000", "16545.000000", "-204.000000"
"18:08:27", "95.489861", "4.510139", "146460.000000", "-6879.000000", "58.000000", "-412.000000"
"18:08:57", "95.140249", "4.859751", "13486.000000", "-705.000000", "9174.000000", "-179917.000000"
"18:09:27", "85.700253", "14.299747", "453638.000000", "-70602.000000", "5825.000000", "-4399.000000"
"18:10:36", "79.526979", "20.473021", "31508.000000", "-3669.000000", "4667.000000", "-873.000000"
"18:11:06", "33.321195", "66.678805", "4727.000000", "-42115.000000", "0.000000", "-16319.000000"
"18:11:36", "78.513460", "21.486540", "9619.000000", "-8245.000000", "439.000000", "-22113.000000"
"18:12:06", "53.274961", "46.725039", "15207.000000", "-15044.000000", "58.000000", "-2012.000000"
"18:12:36", "39.719837", "60.280163", "7877.000000", "-149719.000000", "2615.000000", "-92499.000000"
"18:13:06", "40.454680", "59.545320", "13702.000000", "-15531.000000", "4637.000000", "0.000000"
"18:13:36", "78.682180", "21.317820", "31662.000000", "-3465.000000", "5403.000000", "-1069.000000"
"18:14:06", "5.923006", "94.076994", "6697.000000", "-143612.000000", "43970.000000", "-5113.000000"
"18:14:36", "4.152374", "95.847626", "3279.000000", "-2457.000000", "518656.000000", "-19297.000000"
"18:15:06", "89.853717", "10.146283", "418797.000000", "-86946.000000", "60.000000", "-351713.000000"
"18:15:36", "24.987735", "75.012265", "7640.000000", "-19405.000000", "3530.000000", "0.000000"
"18:16:16", "0.664731", "99.335269", "259.000000", "-11798.000000", "158261.000000", "-879.000000"
"18:16:46", "98.838619", "1.161381", "1790949.000000", "-21064.000000", "937.000000", "-81432.000000"
"18:17:16", "80.539749", "19.460251", "8547.000000", "-3141.000000", "313.000000", "-5748.000000"
"18:17:46", "55.695450", "44.304550", "1686.000000", "-4341.000000", "128.000000", "-3932.000000"
"18:18:16", "85.737044", "14.262956", "68888.000000", "-3235.000000", "8225.000000", "0.000000"
"18:18:46", "65.012965", "34.987035", "1686.000000", "-7258.000000", "1917.000000", "-15363.000000"
"18:19:16", "12.379897", "87.620103", "262.000000", "-13498.000000", "3099.000000", "-2083.000000"
"18:19:46", "2.404523", "97.595477", "2741.000000", "-166530.000000", "98268.000000", "-3783.000000"
"18:20:16", "81.933310", "18.066690", "46109.000000", "-8581.000000", "2732.000000", "-5196.000000"
"18:20:46", "58.340598", "41.659402", "7352.000000", "-52870.000000", "213796.000000", "-366092.000000"
"18:21:16", "87.818208", "12.181792", "87056.000000", "-32915.000000", "2970.000000", "-171638.000000"
"18:21:46", "71.446362", "28.553638", "19215.000000", "-6809.000000", "1445.000000", "-1438.000000"
"18:22:16", "99.219993", "0.780007", "412513.000000", "-3289.000000", "0.000000", "-5861.000000"
"18:22:46", "73.737469", "26.262531", "22461.000000", "-4244.000000", "4139.000000", "-1076.000000"
"18:23:16", "19.468798", "80.531202", "1757.000000", "-2543.000000", "9949.000000", "-1263.000000"
"18:23:46", "36.740501", "63.259499", "5557.000000", "-11338.000000", "0.000000", "-1028.000000"
"18:24:16", "8.847380", "91.152620", "8270.000000", "-82651.000000", "2553.000000", "0.000000"
"18:24:46", "8.221376", "91.778624", "6657.000000", "-82016.000000", "2078.000000", "-876.000000"
"18:25:16", "38.871804", "61.128196", "4391.000000", "-6582.000000", "375.000000", "-33.000000"
"18:25:46", "22.031938", "77.968062", "30454.000000", "-151014.000000", "0.000000", "-12219.000000"
"18:26:16", "68.662635", "31.337365", "592838.000000", "-12357.000000", "258212.000000", "0.000000"
"18:26:46", "91.452764", "8.547236", "95782.000000", "-9650.000000", "0.000000", "-7470.000000"
"18:27:16", "99.420933", "0.579067", "144807.000000", "-2239.000000", "124.000000", "-260900.000000"
"18:27:46", "36.366055", "63.633945", "2541.000000", "-4778.000000", "2398.000000", "-1560.000000"
"18:28:16", "88.585980", "11.414020", "26100.000000", "-2270.000000", "1159.000000", "-513.000000"
"18:28:46", "13.406537", "86.593463", "215849.000000", "-1393781.000000", "398.000000", "0.000000"
"18:29:16", "91.887600", "8.112400", "3909.000000", "-2350.000000", "0.000000", "-22709.000000"
"18:29:46", "86.331242", "13.668758", "48576.000000", "-6895.000000", "796.000000", "0.000000"
"18:30:16", "11.500122", "88.499878", "13694.000000", "-86792.000000", "18591.000000", "0.000000"
"18:30:46", "89.563084", "10.436916", "668370.000000", "-78237.000000", "0.000000", "-3011.000000"
"18:31:16", "37.775284", "62.224716", "725.000000", "-7711.000000", "1161.000000", "-4661.000000"
"18:31:46", "4.734558", "95.265442", "6827.000000", "-2232176.000000", "0.000000", "-104109.000000"
"18:32:16", "99.026030", "0.973970", "6253.000000", "-2614.000000", "34.000000", "-262976.000000"
"18:32:46", "1.215237", "98.784763", "2385.000000", "-216989.000000", "1108.000000", "-298.000000"
"18:33:16", "62.377094", "37.622906", "6741.000000", "-4783.000000", "0.000000", "-1189.000000"
"18:33:46", "99.632367", "0.367633", "427492.000000", "-708.000000", "871.000000", "-433.000000"
"18:34:16", "100.000000", "0.000000", "0.000000", "0.000000", "0.000000", "-826.000000"
"18:34:46", "98.968955", "1.031045", "4024811.000000", "-14890.000000", "27040.000000", "-7.000000"
"18:35:16", "8.113273", "91.886727", "61198.000000", "-694056.000000", "298.000000", "-111.000000"
"18:35:46", "0.654112", "99.345888", "0.000000", "-67574.000000", "164.000000", "-446.000000"
"18:36:16", "74.034015", "25.965985", "8349.000000", "-1443.000000", "1870.000000", "-1097.000000"
"18:36:46", "89.549871", "10.450129", "55065.000000", "-6954.000000", "489.000000", "-8716.000000"
"18:37:16", "26.830315", "73.169685", "24502.000000", "-150989.000000", "732.000000", "-31132.000000"
"18:37:46", "27.316939", "72.683061", "4995.000000", "-15643.000000", "199.000000", "-959.000000"
"18:38:16", "9.979494", "90.020506", "146.000000", "-1317.000000", "0.000000", "0.000000"
"18:38:46", "50.066453", "49.933547", "262507.000000", "-9806.000000", "255068.000000", "-3072.000000"
"18:39:16", "72.067307", "27.932693", "648785.000000", "-249495.000000", "2397.000000", "-1105.000000"
"18:39:46", "76.158801", "23.841199", "50313.000000", "-15038.000000", "804.000000", "-293.000000"
"18:40:16", "67.923409", "32.076591", "16034.000000", "-3606.000000", "3966.000000", "0.000000"
"18:41:09", "48.116958", "51.883042", "124462.000000", "-125864.000000", "8690.000000", "-325.000000"
"18:41:39", "74.921867", "25.078133", "21759.000000", "-745.000000", "6557.000000", "-56.000000"
"18:42:09", "3.142177", "96.857823", "9217.000000", "-42107.000000", "245121.000000", "-101.000000"
"18:42:39", "0.494533", "99.505467", "199.000000", "-38002.000000", "2039.000000", "0.000000"
"18:43:19", "84.823772", "15.176228", "40688.000000", "-7518.000000", "0.000000", "-1332.000000"
"18:43:49", "95.596193", "4.403807", "6345.000000", "-1039.000000", "76.000000", "-17859.000000"
"18:44:49", "15.649720", "84.350280", "5421.000000", "-173769.000000", "10382.000000", "-28745.000000"
"18:45:19", "92.029827", "7.970173", "64594.000000", "-4715.000000", "1527.000000", "-7481.000000"
"18:45:49", "54.756308", "45.243692", "172622.000000", "-142114.000000", "519.000000", "0.000000"
"18:46:19", "0.089839", "99.910161", "309.000000", "-40808.000000", "302832.000000", "0.000000"
"18:46:49", "39.058767", "60.941233", "4904.000000", "-7653.000000", "0.000000", "-1.000000"
"18:47:19", "52.608685", "47.391315", "63025.000000", "-58724.000000", "0.000000", "-2164.000000"
"18:47:49", "70.091617", "29.908383", "170635.000000", "-9737.000000", "63127.000000", "-125.000000"
"18:48:19", "3.587479", "96.412521", "2232.000000", "-71189.000000", "2394.000000", "-506.000000"
"18:48:49", "64.380573", "35.619427", "24576.000000", "-5187.000000", "9833.000000", "-2572.000000"
"18:49:19", "4.029143", "95.970857", "1556.000000", "-163839.000000", "1871.000000", "-5401.000000"
"19:26:25", "2.945708", "97.054292", "421.000000", "-15745.000000", "4.000000", "-57.000000"
"19:26:55", "95.854194", "4.145806", "54157.000000", "-2948.000000", "0.000000", "-14003.000000"
"19:27:25", "37.059510", "62.940490", "1549.000000", "-163.000000", "2534.000000", "-39.000000"
"19:27:55", "19.263642", "80.736358", "2637.000000", "-9380.000000", "1672.000000", "0.000000"
"19:28:25", "78.355660", "21.644340", "499638.000000", "-8486.000000", "129838.000000", "-1115.000000"
"19:28:55", "2.467130", "97.532870", "1449.000000", "-61066.000000", "2582.000000", "-161.000000"
"19:29:25", "90.682002", "9.317998", "40368.000000", "-4148.000000", "0.000000", "0.000000"
"19:29:55", "6.069132", "93.930868", "15790.000000", "-233724.000000", "10655.000000", "0.000000"
"19:30:25", "65.540737", "34.459263", "37079.000000", "-19123.000000", "1056.000000", "-1301.000000"
"19:30:55", "2.030494", "97.969506", "134.000000", "-25613.000000", "1117.000000", "-420.000000"
"19:31:25", "88.404249", "11.595751", "9828.000000", "-2063.000000", "0.000000", "-5900.000000"
"19:31:55", "1.907508", "98.092492", "3464.000000", "-204587.000000", "545.000000", "-525.000000"
"19:32:25", "2.267525", "97.732475", "7785.000000", "-24718.000000", "310866.000000", "-1.000000"
"19:32:55", "38.838204", "61.161796", "309443.000000", "-487835.000000", "1145.000000", "-1063.000000"
"19:33:25", "0.855172", "99.144828", "4219.000000", "-480289.000000", "8843.000000", "0.000000"
"19:33:55", "62.790997", "37.209003", "40729.000000", "-28866.000000", "0.000000", "-7983.000000"
"19:34:25", "17.021277", "82.978723", "3496.000000", "-17043.000000", "0.000000", "0.000000"
"19:34:55", "8.030571", "91.969429", "8000.000000", "-91159.000000", "36398.000000", "-3138.000000"
"19:35:25", "99.850776", "0.149224", "322523.000000", "-482.000000", "0.000000", "0.000000"
"19:35:55", "29.153605", "70.846395", "4569.000000", "-10914.000000", "1064.000000", "-360.000000"
"19:36:25", "99.634513", "0.365487", "1152005.000000", "-1056.000000", "3170.000000", "-33.000000"
"19:36:55", "34.301834", "65.698166", "1024.000000", "-2329.000000", "0.000000", "-192.000000"
"19:37:25", "0.936691", "99.063309", "0.000000", "-10820.000000", "7159.000000", "-170.000000"
"19:37:55", "80.440757", "19.559243", "15513.000000", "-1491.000000", "2281.000000", "0.000000"
"19:38:25", "81.709604", "18.290396", "15835.000000", "-3287.000000", "419.000000", "-721.000000"
"19:38:55", "31.275263", "68.724737", "29160.000000", "-31485.000000", "33464.000000", "-397.000000"
"19:39:25", "73.194122", "26.805878", "38622.000000", "-23301.000000", "3169.000000", "-33655.000000"
"19:39:55", "41.867455", "58.132545", "5513.000000", "-11605.000000", "0.000000", "-2845.000000"
"19:40:25", "0.146842", "99.853158", "412.000000", "-904890.000000", "5638.000000", "-927.000000"
"19:40:55", "96.172829", "3.827171", "5312.000000", "-6435.000000", "1459.000000", "-193056.000000"
"19:41:25", "18.575741", "81.424259", "15077.000000", "-66088.000000", "0.000000", "0.000000"
"19:41:55", "87.678633", "12.321367", "421010.000000", "-57721.000000", "1443.000000", "0.000000"
"19:42:25", "99.566318", "0.433682", "42649.000000", "-1635.000000", "0.000000", "-332720.000000"
"19:42:55", "97.850186", "2.149814", "16059.000000", "-22502.000000", "50.000000", "-1010410.000000"
"19:43:25", "28.180937", "71.819063", "51798.000000", "-135575.000000", "0.000000", "-1400.000000"
"19:43:55", "71.926939", "28.073061", "22639.000000", "-1822.000000", "7907.000000", "-2288.000000"
"19:45:06", "29.429029", "70.570971", "1308.000000", "-23805.000000", "0.000000", "-8619.000000"
"19:45:36", "2.151360", "97.848640", "64.000000", "-54470.000000", "518.000000", "-1145.000000"
"19:46:06", "27.427331", "72.572669", "17774.000000", "-48136.000000", "0.000000", "-418.000000"
"19:46:59", "62.832411", "37.167589", "25946.000000", "-17862.000000", "0.000000", "-4250.000000"
"19:47:29", "29.809970", "70.190030", "11732.000000", "-49243.000000", "547.000000", "-9414.000000"
"19:47:59", "97.355120", "2.644880", "22025.000000", "-607.000000", "0.000000", "-318.000000"
"19:48:29", "22.363650", "77.636350", "4811.000000", "-14504.000000", "5624.000000", "-987.000000"
"19:48:59", "63.822342", "36.177658", "63373.000000", "-31026.000000", "5368.000000", "-831.000000"
"19:49:29", "4.029278", "95.970722", "527.000000", "-40515.000000", "0.000000", "-1174.000000"
"19:49:59", "86.181570", "13.818430", "57237.000000", "-9226.000000", "106.000000", "-964.000000"
"19:50:29", "74.445788", "25.554212", "24739.000000", "0.000000", "10144.000000", "-4813.000000"
"19:50:59", "45.883443", "54.116557", "23741.000000", "-3524.000000", "31530.000000", "-5980.000000"
"19:51:29", "99.491686", "0.508314", "96315.000000", "-494.000000", "0.000000", "-375.000000"
"19:51:59", "3.152832", "96.847168", "7425.000000", "-44966.000000", "198286.000000", "-494.000000"
"19:52:29", "78.030963", "21.969037", "16129.000000", "-3272.000000", "1269.000000", "0.000000"
"19:52:59", "27.341025", "72.658975", "245.000000", "-1991.000000", "717.000000", "-774.000000"
"19:53:29", "97.833938", "2.166062", "6302.000000", "-517.000000", "3987.000000", "-197129.000000"
"19:53:59", "98.514851", "1.485149", "3781.000000", "-45.000000", "12.000000", "-0.000000"
"19:54:29", "7.133219", "92.866781", "6132.000000", "-61227.000000", "18605.000000", "0.000000"
"19:54:59", "87.155879", "12.844121", "983703.000000", "-147051.000000", "441.000000", "-17128.000000"
"19:55:29", "98.294949", "1.705051", "1396401.000000", "-21853.000000", "2400.000000", "-1767.000000"
"19:55:59", "6.307838", "93.692162", "6148.000000", "-86893.000000", "6252.000000", "-123.000000"
"19:56:29", "1.605849", "98.394151", "246.000000", "-13276.000000", "1797.000000", "0.000000"
"19:56:59", "1.865637", "98.134363", "203.000000", "-10678.000000", "0.000000", "0.000000"
"19:57:29", "37.709869", "62.290131", "7565.000000", "-20103.000000", "14549.000000", "-13413.000000"
"19:57:59", "21.245014", "78.754986", "29985.000000", "-111154.000000", "0.000000", "0.000000"
"19:58:29", "0.250056", "99.749944", "11118.000000", "-5240208.000000", "21022.000000", "-2071.000000"
"19:58:59", "23.357921", "76.642079", "7748.000000", "-685.000000", "25499.000000", "-232.000000"
"19:59:29", "7.907028", "92.092972", "205.000000", "-9578.000000", "15661.000000", "-1962.000000"
"19:59:59", "4.217303", "95.782697", "9320.000000", "-225082.000000", "333.000000", "-605.000000"
"20:00:29", "69.573495", "30.426505", "22658.000000", "-8409.000000", "1500.000000", "0.000000"
"20:00:59", "86.507455", "13.492545", "214172.000000", "-15085.000000", "19576.000000", "-8057.000000"
"20:01:29", "16.071473", "83.928527", "5347.000000", "-33630.000000", "48.000000", "-1102.000000"
"20:01:59", "15.820889", "84.179111", "7289.000000", "-36588.000000", "2195.000000", "0.000000"
"20:02:29", "8.014100", "91.985900", "11273.000000", "-147699.000000", "0.000000", "-1595.000000"
"20:02:59", "70.527586", "29.472414", "16747.000000", "-5733.000000", "2328.000000", "-2543.000000"
"20:03:29", "0.014582", "99.985418", "88.000000", "-5266037.000000", "0.000000", "-680.000000"
"20:03:59", "70.014078", "29.985922", "61339.000000", "-26708.000000", "2686.000000", "-7293.000000"
"20:04:29", "6.791458", "93.208542", "6032.000000", "-108203.000000", "0.000000", "-1852.000000"
"20:04:59", "48.717034", "51.282966", "220322.000000", "-232898.000000", "0.000000", "-923.000000"
"20:05:29", "6.155582", "93.844418", "982.000000", "-11888.000000", "3083.000000", "0.000000"
"20:05:59", "97.540830", "2.459170", "50388.000000", "-819.000000", "1024.000000", "-22713.000000"
"20:06:29", "82.016118", "17.983882", "3904.000000", "-1272.000000", "0.000000", "-1897.000000"
"20:06:59", "38.555353", "61.444647", "136538.000000", "-16968.000000", "200629.000000", "0.000000"
"20:07:29", "3.469264", "96.530736", "5358.000000", "-148175.000000", "909.000000", "0.000000"
"20:07:59", "99.453609", "0.546391", "8262.000000", "-620.000000", "521.000000", "-199422.000000"
"20:08:29", "91.129904", "8.870096", "238414.000000", "-3799.000000", "19412.000000", "-52.000000"
"20:08:59", "91.013694", "8.986306", "152660.000000", "-15073.000000", "0.000000", "0.000000"
"20:09:29", "59.311057", "40.688943", "18311.000000", "-10103.000000", "2902.000000", "-646.000000"
"20:09:59", "57.207144", "42.792856", "5330.000000", "-2610.000000", "3476.000000", "-2806.000000"
"20:10:29", "3.925062", "96.074938", "15091.000000", "-368781.000000", "606.000000", "0.000000"
"20:10:59", "99.342659", "0.657341", "943553.000000", "-4171.000000", "2078.000000", "-846.000000"
"20:11:29", "96.037122", "3.962878", "57847.000000", "-2387.000000", "0.000000", "0.000000"
"20:11:59", "49.552295", "50.447705", "88252.000000", "-870.000000", "102909.000000", "-13685.000000"
"20:12:29", "55.094525", "44.905475", "178132.000000", "-124616.000000", "25600.000000", "-6168.000000"
"20:12:59", "34.267704", "65.732296", "5268.000000", "-10456.000000", "8210.000000", "-4463.000000"
"20:13:29", "87.015189", "12.984811", "242279.000000", "-25305.000000", "10849.000000", "0.000000"
"20:13:59", "96.487829", "3.512171", "32295.000000", "-9129.000000", "18169.000000", "-717647.000000"
"20:14:29", "76.202237", "23.797763", "16316.000000", "-4047.000000", "1060.000000", "-37.000000"
"20:14:59", "47.727659", "52.272341", "2387.000000", "-220778.000000", "541.000000", "-199690.000000"
"20:15:29", "27.159411", "72.840589", "8583.000000", "-22863.000000", "395.000000", "-89.000000"
"20:15:59", "89.899618", "10.100382", "1517.000000", "-10385.000000", "27810.000000", "-338442.000000"
"20:16:29", "70.265891", "29.734109", "228114.000000", "-21380.000000", "75150.000000", "0.000000"
"20:16:59", "14.463425", "85.536575", "1651.000000", "-6798.000000", "2966.000000", "0.000000"
"20:17:29", "61.031333", "38.968667", "29413.000000", "-19342.000000", "495.000000", "-1655.000000"
"20:17:59", "43.314768", "56.685232", "11899.000000", "-14882.000000", "690.000000", "0.000000"
"20:18:29", "3.397296", "96.602704", "5364.000000", "-10868.000000", "349690.000000", "-7316.000000"
"20:18:59", "99.598521", "0.401479", "227940.000000", "-952.000000", "0.000000", "-8231.000000"
"20:19:29", "17.608556", "82.391444", "15348.000000", "-71875.000000", "0.000000", "-13.000000"
"20:19:59", "1.136151", "98.863849", "2919.000000", "-267617.000000", "2047.000000", "-180.000000"
"20:20:29", "10.080314", "89.919686", "0.000000", "-1749.000000", "17956.000000", "-2209.000000"
"20:20:59", "1.007745", "98.992255", "2493.000000", "-723769.000000", "0.000000", "-4875.000000"
"20:21:29", "46.670854", "53.329146", "30060.000000", "-37646.000000", "1408.000000", "-4118.000000"
"20:21:59", "58.704868", "41.295132", "59687.000000", "-32099.000000", "9887.000000", "0.000000"
"20:22:29", "99.353691", "0.646309", "95471.000000", "-101.000000", "553.000000", "-5065.000000"
"20:22:59", "58.671019", "41.328981", "160734.000000", "-36902.000000", "76787.000000", "-660.000000"
"20:23:29", "88.132932", "11.867068", "101721.000000", "-17386.000000", "2186.000000", "-43634.000000"
"20:23:59", "91.493394", "8.506606", "32657.000000", "-3097.000000", "0.000000", "-653.000000"
"20:24:29", "96.277337", "3.722663", "333610.000000", "-17296.000000", "3401.000000", "-201666.000000"
"20:24:59", "10.246956", "89.753044", "41959.000000", "-4180.000000", "369470.000000", "-700.000000"
"20:25:29", "10.614865", "89.385135", "103428.000000", "-965669.000000", "208.000000", "-11274.000000"
"20:25:59", "5.390238", "94.609762", "9598.000000", "-263081.000000", "77.000000", "-5395.000000"
"20:26:29", "77.745964", "22.254036", "120986.000000", "-32740.000000", "4023.000000", "-7448.000000"
"20:26:59", "26.128156", "73.871844", "11349.000000", "-33201.000000", "243.000000", "-480.000000"
"20:27:29", "75.746676", "24.253324", "130488.000000", "-30089.000000", "11715.000000", "-72.000000"
"20:27:59", "8.558549", "91.441451", "977.000000", "-221313.000000", "0.000000", "-19737.000000"
"20:28:29", "79.200857", "20.799143", "39842.000000", "-4012.000000", "8028.000000", "-6005.000000"
"20:28:59", "30.978299", "69.021701", "18043.000000", "-42579.000000", "16389.000000", "-8423.000000"
"20:29:29", "33.691708", "66.308292", "2844.000000", "-19551.000000", "0.000000", "-7090.000000"
"20:29:59", "83.714568", "16.285432", "152117.000000", "-31369.000000", "0.000000", "-9134.000000"
"20:30:29", "97.665016", "2.334984", "55673.000000", "-1386.000000", "0.000000", "-2299.000000"
"20:30:59", "62.466626", "37.533374", "13336.000000", "-5512.000000", "2501.000000", "0.000000"
"20:31:29", "28.612637", "71.387363", "19739.000000", "-44419.000000", "4829.000000", "0.000000"
"20:31:59", "99.838715", "0.161285", "180022.000000", "-291.000000", "0.000000", "-113.000000"
"20:32:29", "65.033733", "34.966267", "136237.000000", "-73647.000000", "0.000000", "-739.000000"
"20:32:59", "17.547363", "82.452637", "19682.000000", "-80015.000000", "12468.000000", "0.000000"
"20:33:29", "50.133651", "49.866349", "43368.000000", "-376222.000000", "2670.000000", "-337555.000000"
"20:33:59", "87.881381", "12.118619", "101567.000000", "-13824.000000", "340.000000", "-1147.000000"
"20:34:29", "19.732290", "80.267710", "98759.000000", "-405791.000000", "0.000000", "-997.000000"
"20:34:59", "6.815346", "93.184654", "65595.000000", "-900356.000000", "201.000000", "-270.000000"
"20:35:29", "59.989135", "40.010865", "167820.000000", "-93456.000000", "18498.000000", "-35.000000"
"20:35:59", "48.354993", "51.645007", "58279.000000", "-59415.000000", "2857.000000", "-26.000000"
"20:36:29", "27.878497", "72.121503", "3744.000000", "-11339.000000", "675.000000", "-900.000000"
"20:36:59", "43.416851", "56.583149", "55858.000000", "-72665.000000", "2289.000000", "-1655.000000"
"20:37:29", "36.017536", "63.982464", "119535.000000", "-3698.000000", "208647.000000", "-0.000000"
"20:37:59", "77.854083", "22.145917", "112735.000000", "-43824.000000", "226.000000", "-42123.000000"
"20:38:29", "49.023808", "50.976192", "73454.000000", "-75974.000000", "1598.000000", "-1147.000000"
"20:38:59", "95.160705", "4.839295", "1585308.000000", "-64917.000000", "15831.000000", "-2534.000000"
"20:39:29", "10.068846", "89.931154", "7228.000000", "-439.000000", "98184.000000", "-3814.000000"
"20:39:59", "34.557705", "65.442295", "479.000000", "-73662.000000", "8508.000000", "-42912.000000"
"20:40:29", "89.802318", "10.197682", "841431.000000", "-21754.000000", "73923.000000", "-1115.000000"
"20:40:59", "0.541850", "99.458150", "470.000000", "-102906.000000", "206197.000000", "-1214.000000"
"20:41:29", "78.263585", "21.736415", "2358.000000", "-7903.000000", "1493.000000", "-31473.000000"
"20:41:59", "5.235043", "94.764957", "3681.000000", "-82491.000000", "0.000000", "-876.000000"
"20:42:29", "85.052978", "14.947022", "32317.000000", "-522.000000", "5290.000000", "-755.000000"
"20:42:59", "17.309182", "82.690818", "11840.000000", "-55284.000000", "1279.000000", "0.000000"
"20:43:29", "5.216117", "94.783883", "283.000000", "-52452.000000", "6405.000000", "-2956.000000"
"20:43:59", "11.057931", "88.942069", "179590.000000", "-3109764.000000", "6992.000000", "-207908.000000"
"20:44:29", "87.758309", "12.241691", "11169.000000", "-1558.000000", "0.000000", "0.000000"
"20:44:59", "97.688665", "2.311335", "739994.000000", "-14152.000000", "3657.000000", "-12704.000000"
"20:45:29", "78.763942", "21.236058", "1748.000000", "-3591.000000", "2216.000000", "-19790.000000"
"20:45:59", "0.667907", "99.332093", "1640.000000", "-24835.000000", "219068.000000", "0.000000"
"20:46:29", "9.870841", "90.129159", "4067.000000", "-44207.000000", "872.000000", "-870.000000"
"20:46:59", "52.833941", "47.166059", "27098.000000", "-13528.000000", "10663.000000", "0.000000"
"20:47:29", "14.696769", "85.303231", "18765.000000", "-122655.000000", "1503.000000", "-2626.000000"
"20:47:59", "80.116110", "19.883890", "9190.000000", "-1178.000000", "1151.000000", "-194.000000"
"20:48:29", "96.877769", "3.122231", "109876.000000", "-1008.000000", "2621.000000", "-2726.000000"
"20:48:59", "51.832315", "48.167685", "16803.000000", "-14318.000000", "1297.000000", "0.000000"
"20:49:29", "57.946525", "42.053475", "26213.000000", "-3539.000000", "24583.000000", "-12537.000000"
"20:49:59", "84.190355", "15.809645", "7634.000000", "0.000000", "1485.000000", "-274.000000"
"20:50:29", "92.980386", "7.019614", "251764.000000", "-17573.000000", "1463.000000", "-383.000000"
"20:50:59", "12.166760", "87.833240", "150440.000000", "-893838.000000", "195216.000000", "-417.000000"
"20:51:29", "97.473634", "2.526366", "158074.000000", "-3219.000000", "882.000000", "-153.000000"
"20:51:59", "75.964295", "24.035705", "84072.000000", "-5443.000000", "21726.000000", "-1795.000000"
"20:52:29", "59.511936", "40.488064", "8645.000000", "-3823.000000", "2266.000000", "-305.000000"
"20:52:59", "3.338654", "96.661346", "2280.000000", "-63020.000000", "2991.000000", "0.000000"
"20:53:29", "19.765435", "80.234565", "48938.000000", "-107884.000000", "111101.000000", "-5008.000000"
"20:53:59", "7.080339", "92.919661", "503.000000", "-119109.000000", "1917.000000", "-8719.000000"
"20:54:29", "31.866626", "68.133374", "59978.000000", "-118663.000000", "10601.000000", "-480.000000"
"20:54:59", "14.397604", "85.602396", "5149.000000", "-47129.000000", "13748.000000", "-5090.000000"
"20:55:29", "9.476715", "90.523285", "7293.000000", "-58848.000000", "11265.000000", "-47.000000"
"20:55:59", "99.839928", "0.160072", "1872055.000000", "-1128.000000", "1874.000000", "-347.000000"
"20:56:29", "78.541420", "21.458580", "109738.000000", "-20480.000000", "9656.000000", "-564.000000"
"20:56:59", "1.004512", "98.995488", "1227.000000", "-273183.000000", "0.000000", "-1545.000000"
"20:57:29", "36.969088", "63.030912", "164675.000000", "-283953.000000", "0.000000", "-1870.000000"
"20:57:59", "42.591870", "57.408130", "70551.000000", "-107221.000000", "243.000000", "-9178.000000"
"20:58:29", "3.651863", "96.348137", "3757.000000", "-84249.000000", "14873.000000", "0.000000"
"20:58:59", "42.738117", "57.261883", "96625.000000", "-37246.000000", "93472.000000", "-938.000000"
"20:59:29", "87.822067", "12.177933", "598548.000000", "-83370.000000", "38.000000", "-2955.000000"
"20:59:59", "58.804978", "41.195022", "7422.000000", "-239324.000000", "1540.000000", "-336406.000000"
"21:00:29", "49.439638", "50.560362", "4383.000000", "-104479.000000", "5.000000", "-97785.000000"
"21:00:59", "5.107539", "94.892461", "28650.000000", "-327579.000000", "204948.000000", "-13.000000"
"21:01:29", "64.363893", "35.636107", "121397.000000", "-68261.000000", "341.000000", "-2508.000000"
"21:01:59", "10.489778", "89.510222", "16025.000000", "-2263.000000", "185081.000000", "-5930.000000"
"21:02:29", "49.785981", "50.214019", "110911.000000", "-17873.000000", "94160.000000", "-167.000000"
"21:02:59", "11.283810", "88.716190", "5697.000000", "-86868.000000", "24092.000000", "-8416.000000"
"21:03:29", "99.585966", "0.414034", "80470.000000", "-346.000000", "0.000000", "-2752.000000"
"21:03:59", "6.419104", "93.580896", "9851.000000", "-96318.000000", "196185.000000", "-10213.000000"
"21:04:29", "98.053107", "1.946893", "111002.000000", "-1142.000000", "1062.000000", "0.000000"
"21:04:59", "73.453939", "26.546061", "1846.000000", "-1679.000000", "2459.000000", "-9604.000000"
"21:05:29", "97.685506", "2.314494", "106420.000000", "-2704.000000", "0.000000", "-7705.000000"
"21:05:59", "95.120974", "4.879026", "100926.000000", "-1369.000000", "4475.000000", "-13008.000000"
"21:06:29", "81.095651", "18.904349", "13506.000000", "-2093.000000", "6113.000000", "-21696.000000"
"21:06:59", "43.924771", "56.075229", "16116.000000", "-22660.000000", "0.000000", "-1634.000000"
"21:07:30", "0.465239", "99.534761", "2020.000000", "-456390.000000", "12574.000000", "-172.000000"
"21:08:00", "99.642713", "0.357287", "97178.000000", "-709.000000", "126.000000", "-135693.000000"
"21:08:30", "49.735428", "50.264572", "158624.000000", "-95895.000000", "198106.000000", "-132282.000000"
"21:09:00", "93.383774", "6.616226", "125726.000000", "-8937.000000", "0.000000", "-414.000000"
"21:09:30", "3.009823", "96.990177", "72243.000000", "-5629113.000000", "0.000000", "-102441.000000"
"21:10:00", "81.776350", "18.223650", "3650.000000", "-5354.000000", "547.000000", "-22830.000000"
"21:10:30", "52.434711", "47.565289", "2737.000000", "-18076.000000", "14872.000000", "-33584.000000"
"21:11:00", "73.944296", "26.055704", "65283.000000", "-9983.000000", "13180.000000", "-452.000000"
"21:11:30", "87.774363", "12.225637", "11504.000000", "-2972.000000", "370.000000", "-12490.000000"
"21:12:00", "38.257359", "61.742641", "135036.000000", "-228089.000000", "16431.000000", "-16475.000000"
"21:12:30", "99.437861", "0.562139", "57365.000000", "-0.000000", "2514.000000", "-387341.000000"
"21:13:00", "0.808291", "99.191709", "3966.000000", "-104482.000000", "474501.000000", "-752.000000"
"21:13:30", "37.098675", "62.901325", "124.000000", "-9198.000000", "30828.000000", "-23483.000000"
"21:14:00", "86.977442", "13.022558", "91533.000000", "-12876.000000", "1008.000000", "-1198.000000"
"21:14:30", "19.326201", "80.673799", "6901.000000", "-26954.000000", "1853.000000", "0.000000"
"21:15:00", "60.191419", "39.808581", "2536.000000", "-6031.000000", "0.000000", "-6583.000000"
"21:15:30", "1.246990", "98.753010", "2703.000000", "-36939.000000", "199690.000000", "-285.000000"
"21:16:01", "67.778841", "32.221159", "393.000000", "-429.000000", "7654.000000", "-16610.000000"
"21:16:31", "0.234104", "99.765896", "1565.000000", "-699433.000000", "22910.000000", "-130.000000"
"21:17:01", "61.565464", "38.434536", "4721.000000", "-4634.000000", "4563.000000", "-10011.000000"
"21:17:31", "44.224245", "55.775755", "141.000000", "-5296.000000", "5061.000000", "-8071.000000"
"21:18:01", "45.927017", "54.072983", "45836.000000", "-40827.000000", "13525.000000", "-328.000000"
"21:18:31", "2.027757", "97.972243", "3508.000000", "-139355.000000", "30136.000000", "0.000000"
"21:19:01", "96.183999", "3.816001", "1140244.000000", "-45238.000000", "0.000000", "0.000000"
"21:19:31", "3.151478", "96.848522", "2678.000000", "-65544.000000", "16754.000000", "0.000000"
"21:20:01", "10.467027", "89.532973", "959.000000", "-24858.000000", "12736.000000", "-3436.000000"
"21:20:31", "5.698557", "94.301443", "1656.000000", "-2645.000000", "28532.000000", "-228.000000"
"21:21:01", "78.594700", "21.405300", "7237.000000", "-1971.000000", "0.000000", "0.000000"
"21:21:31", "97.298103", "2.701897", "236043.000000", "-4937.000000", "1680.000000", "-2242.000000"
"21:22:01", "16.194765", "83.805235", "10413.000000", "-66626.000000", "0.000000", "-2462.000000"
"21:22:31", "22.541130", "77.458870", "10728.000000", "-19076.000000", "17789.000000", "0.000000"
"21:23:01", "43.218719", "56.781281", "0.000000", "-9463.000000", "8058.000000", "-13336.000000"
"21:23:31", "97.714870", "2.285130", "133598.000000", "-1887.000000", "1333.000000", "-4093.000000"
"21:24:01", "20.493143", "79.506857", "1117.000000", "-8926.000000", "2263.000000", "-1767.000000"
"21:24:31", "79.916647", "20.083353", "4542.000000", "-639.000000", "2686.000000", "-8689.000000"
"21:25:01", "2.531943", "97.468057", "9493.000000", "-257607.000000", "111833.000000", "-104.000000"
"21:25:31", "99.530548", "0.469452", "175473.000000", "-6273.000000", "1523.000000", "-1477389.000000"
"21:26:02", "91.527134", "8.472866", "9913.000000", "-137136.000000", "534.000000", "-1477251.000000"
"21:26:32", "10.475460", "89.524540", "7058.000000", "-107078.000000", "56264.000000", "-12055.000000"
"21:27:02", "62.126057", "37.873943", "21915.000000", "-21389.000000", "640.000000", "-14220.000000"
"21:27:32", "85.456743", "14.543257", "20293.000000", "-161.000000", "4050.000000", "-4451.000000"
"21:28:02", "5.810565", "94.189435", "452.000000", "-10342.000000", "0.000000", "-186.000000"
"21:28:32", "2.820054", "97.179946", "441.000000", "-134136.000000", "466.000000", "-3465.000000"
"21:29:02", "0.072756", "99.927244", "1846.000000", "-5240924.000000", "15294.000000", "-1981.000000"
"21:29:32", "93.761765", "6.238235", "18719.000000", "-569.000000", "1585.000000", "-13656.000000"
"21:30:02", "6.994867", "93.005133", "8165.000000", "-10875.000000", "134612.000000", "-2777.000000"
"21:30:32", "0.927430", "99.072570", "1079.000000", "-114675.000000", "589.000000", "0.000000"
"21:31:02", "95.291902", "4.708098", "84633.000000", "-4250.000000", "0.000000", "-1387.000000"
"21:31:32", "67.194093", "32.805907", "21046.000000", "-11184.000000", "12.000000", "-1886.000000"
"21:32:02", "2.948858", "97.051142", "485.000000", "-81481.000000", "2871.000000", "-2078.000000"
"21:32:32", "7.436479", "92.563521", "266.000000", "-71158.000000", "26366.000000", "-7569.000000"
"21:33:02", "19.147727", "80.852273", "1962.000000", "-16405.000000", "20593.000000", "-6800.000000"
"21:33:32", "73.952414", "26.047586", "38718.000000", "-27932.000000", "488.000000", "-41970.000000"
"21:34:02", "10.781952", "89.218048", "53769.000000", "-68899.000000", "381372.000000", "-646.000000"
"21:34:32", "50.462974", "49.537026", "202012.000000", "-805.000000", "198317.000000", "-832.000000"
"21:35:02", "23.994309", "76.005691", "6225.000000", "-15830.000000", "5539.000000", "-521.000000"
"21:35:32", "0.812277", "99.187723", "250.000000", "-17757.000000", "21929.000000", "-75.000000"
"21:36:02", "90.354392", "9.645608", "587837.000000", "-62774.000000", "0.000000", "-193.000000"
"21:36:32", "0.047822", "99.952178", "930.000000", "-1943306.000000", "494.000000", "0.000000"
"21:37:02", "6.205041", "93.794959", "5028.000000", "-116722.000000", "13275.000000", "-3572.000000"
"21:37:32", "20.318865", "79.681135", "36267.000000", "-216254.000000", "12595.000000", "-22090.000000"
"21:38:02", "99.960737", "0.039263", "277110.000000", "-111.000000", "0.000000", "-5485.000000"
"21:38:32", "82.545201", "17.454799", "50932.000000", "-4025.000000", "11740.000000", "-23622.000000"
"21:39:03", "63.636364", "36.363636", "4832.000000", "-3056.000000", "0.000000", "-516.000000"
"21:39:33", "70.891481", "29.108519", "8080.000000", "-172676.000000", "19761.000000", "-460585.000000"
"21:40:03", "83.583894", "16.416106", "249670.000000", "-47935.000000", "1618.000000", "-2633.000000"
"21:40:33", "2.127005", "97.872995", "4067.000000", "-26533.000000", "205794.000000", "-982.000000"
"21:41:03", "96.968926", "3.031074", "318853.000000", "-7435.000000", "2576.000000", "-1415.000000"
"21:41:33", "11.531547", "88.468453", "12463.000000", "-25454.000000", "75922.000000", "-751.000000"
"21:42:03", "27.068668", "72.931332", "1883.000000", "-20260.000000", "51123.000000", "-24611.000000"
"21:42:33", "11.598855", "88.401145", "1662.000000", "-12667.000000", "0.000000", "0.000000"
"21:43:03", "8.447126", "91.552874", "1852.000000", "-213052.000000", "2837.000000", "-18067.000000"
"21:43:33", "24.773654", "75.226346", "119272.000000", "-10072.000000", "354684.000000", "-850.000000"
"21:44:03", "56.278569", "43.721431", "16159.000000", "-8520.000000", "4871.000000", "-1078.000000"
"21:44:33", "24.300828", "75.699172", "0.000000", "-4016.000000", "26895.000000", "-9923.000000"
"21:45:03", "22.067621", "77.932379", "8345.000000", "-694.000000", "28879.000000", "-29.000000"
"21:45:33", "72.281867", "27.718133", "28342.000000", "-16481.000000", "2805.000000", "-21951.000000"
"21:46:33", "0.044733", "99.955267", "2140.000000", "-5240827.000000", "5780.000000", "-208.000000"
"21:47:03", "93.657603", "6.342397", "87002.000000", "-2278.000000", "3621.000000", "-108.000000"
"21:47:33", "25.064070", "74.935930", "1956.000000", "-5417.000000", "431.000000", "0.000000"
"21:48:51", "28.992398", "71.007602", "12837.000000", "-551940.000000", "66.000000", "-212547.000000"
"21:49:21", "89.843458", "10.156542", "4804900.000000", "-551535.000000", "15912.000000", "-214663.000000"
"21:49:51", "44.538536", "55.461464", "87678.000000", "-108618.000000", "9008.000000", "-6782.000000"
"21:50:21", "13.114954", "86.885046", "118062.000000", "-781347.000000", "1224.000000", "-64.000000"
"21:50:51", "93.516650", "6.483350", "1633.000000", "-92264.000000", "4236.000000", "-1390295.000000"
"21:51:21", "54.467370", "45.532630", "128104.000000", "-93176.000000", "16080.000000", "-2591.000000"
"21:51:51", "78.115820", "21.884180", "74232.000000", "-83584.000000", "0.000000", "-224122.000000"
"21:52:21", "95.309078", "4.690922", "185806.000000", "-9145.000000", "0.000000", "0.000000"
"21:52:52", "57.231749", "42.768251", "165471.000000", "-117417.000000", "6439.000000", "-271.000000"
"21:53:22", "20.482118", "79.517882", "16066.000000", "-69955.000000", "439.000000", "-2066.000000"
"21:53:52", "11.824324", "88.175676", "2712.000000", "-21583.000000", "80.000000", "-193.000000"
"21:54:22", "18.562034", "81.437966", "8073.000000", "-35184.000000", "235.000000", "0.000000"
"21:54:52", "99.074804", "0.925196", "1434.000000", "0.000000", "3194.000000", "-340596.000000"
"21:55:22", "56.061768", "43.938232", "111818.000000", "-86922.000000", "715.000000", "0.000000"
"21:55:52", "54.450873", "45.549127", "111248.000000", "-86910.000000", "6693.000000", "-648.000000"
"21:56:22", "7.880809", "92.119191", "10215.000000", "-311999.000000", "17492.000000", "-17973.000000"
"21:56:53", "94.684089", "5.315911", "577393.000000", "-31327.000000", "1317.000000", "-4044.000000"
"21:57:23", "74.522555", "25.477445", "7402.000000", "-3165.000000", "557.000000", "-3485.000000"
"21:57:53", "33.830846", "66.169154", "544.000000", "0.000000", "1064.000000", "0.000000"
"21:58:23", "98.876671", "1.123329", "18121.000000", "-426.000000", "0.000000", "-19376.000000"
"21:58:53", "35.531537", "64.468463", "25863.000000", "-42098.000000", "5501.000000", "-371.000000"
"21:59:23", "2.952673", "97.047327", "4871.000000", "-398852.000000", "7096.000000", "-7480.000000"
"21:59:53", "33.459727", "66.540273", "62895.000000", "-122506.000000", "4369.000000", "-904.000000"
"22:00:23", "12.552543", "87.447457", "9793.000000", "-349085.000000", "0.000000", "-40316.000000"
"22:00:54", "88.737943", "11.262057", "6398.000000", "-17911.000000", "15224.000000", "-254685.000000"
"22:01:24", "96.478775", "3.521225", "87663.000000", "-1031.000000", "17443.000000", "-418510.000000"
"22:01:54", "97.958833", "2.041167", "2973.000000", "-4195.000000", "76.000000", "-201999.000000"
"22:02:24", "98.699853", "1.300147", "121463.000000", "-516.000000", "1084.000000", "0.000000"
"22:02:54", "75.567619", "24.432381", "15741.000000", "-4994.000000", "182.000000", "-268.000000"
"22:03:24", "34.721078", "65.278922", "10203.000000", "-1028.000000", "25910.000000", "-4125.000000"
"22:03:54", "3.773638", "96.226362", "6363.000000", "-1044716.000000", "9005.000000", "-34960.000000"
"22:04:24", "0.856994", "99.143006", "2017.000000", "-1271552.000000", "194.000000", "-8976.000000"
"22:04:54", "28.951406", "71.048594", "141281.000000", "-629.000000", "346194.000000", "-45.000000"
"22:05:24", "63.456189", "36.543811", "39249.000000", "-30494.000000", "114.000000", "-13900.000000"
"22:05:54", "75.026577", "24.973423", "75515.000000", "-9377.000000", "15759.000000", "0.000000"
"22:06:24", "31.534313", "68.465687", "4930.000000", "-2291.000000", "16116.000000", "-3548.000000"
"22:06:54", "70.074374", "29.925626", "73033.000000", "-33839.000000", "0.000000", "-6205.000000"
"22:07:24", "94.220616", "5.779384", "316064.000000", "-19068.000000", "319.000000", "0.000000"
"22:07:54", "25.582990", "74.417010", "420.000000", "-1788.000000", "382.000000", "-326.000000"
"22:08:24", "89.600258", "10.399742", "112401.000000", "-5855.000000", "7343.000000", "-1308.000000"
"22:08:54", "47.321052", "52.678948", "12268.000000", "-3602.000000", "10153.000000", "-88.000000"
"22:09:24", "4.357461", "95.642539", "45777.000000", "-993043.000000", "17320.000000", "-255.000000"
"22:09:54", "96.000247", "3.999753", "13547.000000", "-648.000000", "0.000000", "-2006.000000"
"22:10:24", "0.855338", "99.144662", "1179.000000", "-646.000000", "200231.000000", "-554.000000"
"22:10:54", "92.003617", "7.996383", "115796.000000", "-5856.000000", "4226.000000", "-204.000000"
"22:11:24", "57.921400", "42.078600", "130003.000000", "-87966.000000", "7305.000000", "-1138.000000"
"22:11:54", "69.442719", "30.557281", "254410.000000", "-85001.000000", "27187.000000", "-542.000000"
"22:12:24", "39.016830", "60.983170", "19636.000000", "-108.000000", "30583.000000", "0.000000"
"22:12:54", "79.090513", "20.909487", "1046827.000000", "-245362.000000", "31392.000000", "0.000000"
"22:13:24", "97.961525", "2.038475", "1042037.000000", "-19246.000000", "2521.000000", "-4004.000000"
"22:13:54", "8.544639", "91.455361", "6487.000000", "-194192.000000", "1078.000000", "-11757.000000"
"22:14:24", "98.245823", "1.754177", "81228.000000", "0.000000", "1472.000000", "-1214.000000"
"22:14:55", "94.261537", "5.738463", "48700.000000", "-1806.000000", "1422.000000", "-4324.000000"
"22:15:25", "95.727871", "4.272129", "115609.000000", "-4023.000000", "1368.000000", "-5190.000000"
"22:15:55", "70.066382", "29.933618", "75727.000000", "-37151.000000", "2576.000000", "-17263.000000"
"22:16:25", "15.466688", "84.533312", "21469.000000", "-113142.000000", "4197.000000", "0.000000"
"22:16:55", "52.142649", "47.857351", "17911.000000", "-6365.000000", "10074.000000", "0.000000"
"22:17:25", "7.758727", "92.241273", "5577.000000", "-56687.000000", "10615.000000", "-84.000000"
"22:17:56", "94.597796", "5.402204", "15753.000000", "-912.000000", "0.000000", "-217.000000"
"22:18:26", "3.397924", "96.602076", "491.000000", "-5231.000000", "8728.000000", "0.000000"
"22:18:56", "24.778745", "75.221255", "13691.000000", "-29992.000000", "11570.000000", "0.000000"
"22:19:26", "92.400653", "7.599347", "17377.000000", "-1557.000000", "1191.000000", "-16036.000000"
"22:19:56", "28.055494", "71.944506", "5096.000000", "-2114.000000", "10954.000000", "0.000000"
"22:20:26", "51.001495", "48.998505", "1706.000000", "0.000000", "1639.000000", "0.000000"
"22:20:56", "0.164565", "99.835435", "293.000000", "-176326.000000", "1426.000000", "0.000000"
"22:21:26", "33.930259", "66.069741", "4112.000000", "-10798.000000", "2484.000000", "-2709.000000"
"22:21:57", "96.523568", "3.476432", "3332611.000000", "-10058.000000", "110065.000000", "-2619.000000"
"22:22:27", "99.843665", "0.156335", "3332483.000000", "-2947.000000", "2271.000000", "0.000000"
"22:22:57", "65.978847", "34.021153", "9221.000000", "-6745.000000", "1136.000000", "-6063.000000"
"22:23:27", "58.557070", "41.442930", "8506.000000", "-2954.000000", "3066.000000", "0.000000"
"22:23:57", "51.491863", "48.508137", "3057.000000", "-187.000000", "3032.000000", "-360.000000"
"22:24:27", "94.064042", "5.935958", "74938.000000", "-2165.000000", "2564.000000", "0.000000"
"22:24:57", "94.446990", "5.553010", "113360.000000", "-5254.000000", "1411.000000", "0.000000"
"22:25:27", "62.003815", "37.996185", "7064.000000", "-4358.000000", "2017.000000", "-3339.000000"
"22:25:57", "75.638706", "24.361294", "23188.000000", "-3911.000000", "5243.000000", "-5234.000000"
"22:26:27", "32.899267", "67.100733", "69.000000", "-2716.000000", "6250.000000", "-4327.000000"
"22:26:57", "45.226602", "54.773398", "6746.000000", "-3042.000000", "5128.000000", "0.000000"
"22:27:27", "72.442606", "27.557394", "7691.000000", "-3265.000000", "0.000000", "-892.000000"
"22:27:57", "90.744599", "9.255401", "75846.000000", "-8870.000000", "414.000000", "-15179.000000"
"22:28:27", "50.596822", "49.403178", "9787.000000", "-8354.000000", "16148.000000", "-15307.000000"
"22:28:57", "64.713361", "35.286639", "5428.000000", "-5109.000000", "15985.000000", "-33257.000000"
"22:29:27", "98.099506", "1.900494", "1055442.000000", "-4655.000000", "15850.000000", "-2983.000000"
"22:29:57", "99.261498", "0.738502", "1058769.000000", "-7729.000000", "153.000000", "-645.000000"
"22:30:28", "1.517418", "98.482582", "11874.000000", "-883150.000000", "288.000000", "-1738.000000"
"22:30:58", "1.138570", "98.861430", "0.000000", "-78407.000000", "0.000000", "-903.000000"
"22:31:29", "69.898362", "30.101638", "9975.000000", "-5644.000000", "72.000000", "-3298.000000"
"22:31:59", "63.991838", "36.008162", "11459.000000", "-3683.000000", "2846.000000", "-144.000000"
"22:32:29", "96.836819", "3.163181", "9481.000000", "-1200.000000", "22.000000", "-27929.000000"
"22:32:59", "79.123208", "20.876792", "47120.000000", "-17412.000000", "22.000000", "-18955.000000"
"22:33:29", "73.743944", "26.256056", "87205.000000", "-31324.000000", "0.000000", "-773.000000"
"22:33:59", "95.119366", "4.880634", "321259.000000", "-16464.000000", "20.000000", "0.000000"
"22:34:29", "8.811641", "91.188359", "2661.000000", "-763.000000", "28565.000000", "-173.000000"
"22:34:59", "45.780946", "54.219054", "3359.000000", "-3767.000000", "416.000000", "-173.000000"
"22:35:29", "96.901431", "3.098569", "348683.000000", "-7899.000000", "3348.000000", "-3044.000000"
"22:35:59", "96.816322", "3.183678", "308387.000000", "-9496.000000", "745.000000", "-3044.000000"
"22:36:29", "27.682575", "72.317425", "4507.000000", "-573.000000", "11201.000000", "0.000000"
"22:36:59", "57.891496", "42.108504", "4194.000000", "-1179.000000", "11131.000000", "-12730.000000"
"22:37:29", "90.580927", "9.419073", "21331.000000", "-2089.000000", "155.000000", "-249.000000"
"22:38:00", "72.058996", "27.941004", "24469.000000", "-2969.000000", "6579.000000", "-155.000000"
"22:38:30", "4.537562", "95.462438", "10346.000000", "-222201.000000", "3771.000000", "-395.000000"
"22:39:00", "43.602133", "56.397867", "173332.000000", "-222538.000000", "4019.000000", "-1823.000000"
"22:39:30", "39.955764", "60.044236", "6699.000000", "-2195.000000", "8664.000000", "-527.000000"
"22:40:00", "56.264581", "43.735419", "2987.000000", "-3172.000000", "15.000000", "-1113.000000"
"22:40:30", "23.432052", "76.567948", "2016.000000", "-17348.000000", "0.000000", "-3293.000000"
"22:41:00", "35.360981", "64.639019", "5822.000000", "-16649.000000", "13.000000", "-3293.000000"
"22:41:30", "87.173542", "12.826458", "35715.000000", "-5255.000000", "0.000000", "0.000000"
"22:42:00", "87.559856", "12.440144", "34724.000000", "-5040.000000", "0.000000", "-750.000000"
"22:42:30", "67.657324", "32.342676", "10787.000000", "-5931.000000", "0.000000", "-1620.000000"
"22:43:00", "70.191450", "29.808550", "183832.000000", "-6570.000000", "71949.000000", "-1060.000000"
"22:43:30", "65.808750", "34.191250", "177885.000000", "-13991.000000", "78430.000000", "0.000000"
"22:44:00", "77.451826", "22.548174", "71866.000000", "-10327.000000", "10595.000000", "0.000000"
"22:44:30", "51.981933", "48.018067", "6675.000000", "-1630.000000", "4536.000000", "0.000000"
"22:45:00", "93.198362", "6.801638", "61917.000000", "-2008.000000", "4103.000000", "-21818.000000"
"22:45:30", "89.108416", "10.891584", "110473.000000", "-13690.000000", "3300.000000", "-28529.000000"
"22:46:01", "31.013488", "68.986512", "4041.000000", "-13868.000000", "862.000000", "-2581.000000"
"22:46:31", "13.428341", "86.571659", "4270.000000", "-31001.000000", "1195.000000", "-724.000000"
"22:47:01", "0.172600", "99.827400", "1739.000000", "-1076933.000000", "0.000000", "-123.000000"
"22:47:31", "0.625815", "99.374185", "6699.000000", "-1051930.000000", "11815.000000", "0.000000"
"22:48:01", "0.986261", "99.013739", "234564.000000", "-23548470.000000", "114.000000", "0.000000"
"22:48:31", "5.407803", "94.592197", "679428.000000", "-11775409.000000", "112226.000000", "-184.000000"
"22:49:01", "83.963545", "16.036455", "470754.000000", "-1016.000000", "109925.000000", "-110110.000000"
"22:49:31", "99.194538", "0.805462", "1893.000000", "-1006.000000", "11.000000", "-123353.000000"
"22:50:01", "66.754793", "33.245207", "8217.000000", "-5110.000000", "10357.000000", "-22840.000000"
"22:50:31", "92.564066", "7.435934", "483074.000000", "-28585.000000", "10785.000000", "-7012.000000"
"22:51:01", "99.161288", "0.838712", "447848.000000", "-710.000000", "3078.000000", "-9.000000"
"22:51:31", "100.000000", "0.000000", "5941.000000", "0.000000", "0.000000", "0.000000"
"22:52:01", "17.208444", "82.791556", "9479.000000", "-51575.000000", "0.000000", "-1241.000000"
"22:52:31", "95.076309", "4.923691", "1072473.000000", "-55116.000000", "661.000000", "-4579.000000"
"22:53:01", "99.884467", "0.115533", "1069846.000000", "-835.000000", "404.000000", "-1340.000000"
"22:53:31", "65.472477", "34.527523", "3653.000000", "0.000000", "3431.000000", "-2853.000000"
"22:54:01", "68.001186", "31.998814", "955.000000", "-8753.000000", "3116.000000", "-24268.000000"
"22:54:31", "5.193923", "94.806077", "1453.000000", "-6799.000000", "19723.000000", "0.000000"
"22:55:01", "21.892554", "78.107446", "15901.000000", "-38095.000000", "18636.000000", "0.000000"
"22:55:31", "13.793708", "86.206292", "9194.000000", "-65983.000000", "2851.000000", "-1820.000000"
"22:56:01", "68.857426", "31.142574", "13833.000000", "-65658.000000", "4751.000000", "-141844.000000"
"22:56:31", "95.058445", "4.941555", "10067.000000", "-5248.000000", "2649.000000", "-141844.000000"
"22:57:01", "17.700978", "82.299022", "10321.000000", "-26666.000000", "21818.000000", "-107.000000"
"22:57:32", "7.457594", "92.542406", "3762.000000", "-27889.000000", "20122.000000", "-107.000000"
"22:58:03", "76.465788", "23.534212", "11724.000000", "-1870.000000", "1879.000000", "-457.000000"
"22:58:33", "99.555713", "0.444287", "449719.000000", "-257.000000", "1752.000000", "-457.000000"
"22:59:03", "97.231932", "2.768068", "452664.000000", "-10819.000000", "2073.000000", "-184.000000"
"22:59:33", "93.341942", "6.658058", "127026.000000", "-7815.000000", "1260.000000", "-200.000000"
"23:00:03", "92.198495", "7.801505", "126794.000000", "-8345.000000", "2542.000000", "-1869.000000"
"23:00:33", "54.985901", "45.014099", "10709.000000", "-8135.000000", "645.000000", "-16.000000"
"23:01:03", "55.869451", "44.130549", "3276.000000", "-152480.000000", "2044.000000", "-192352.000000"
"23:01:33", "57.460004", "42.539996", "13953.000000", "-150208.000000", "2819.000000", "-192745.000000"
"23:02:03", "59.816663", "40.183337", "25313.000000", "-14921.000000", "2394.000000", "-462.000000"
"23:02:33", "1.752453", "98.247547", "1010.000000", "-53992.000000", "3977.000000", "-24.000000"
"23:03:03", "25.679470", "74.320530", "34368.000000", "-64486.000000", "35050.000000", "-24.000000"
"23:03:33", "66.241061", "33.758939", "226175.000000", "-64032.000000", "51299.000000", "-125.000000"
"23:04:03", "85.186640", "14.813360", "1124.000000", "-736.000000", "18.000000", "-3212.000000"
"23:04:33", "79.180384", "20.819616", "3763.000000", "-737.000000", "1097.000000", "-3212.000000"
"23:05:03", "57.391072", "42.608928", "3071.000000", "-2038.000000", "1150.000000", "-1223.000000"
"23:05:33", "11.702986", "88.297014", "290.000000", "-2103.000000", "85.000000", "0.000000"
"23:06:03", "58.759962", "41.240038", "7767.000000", "-6074.000000", "32.000000", "-933.000000"
"23:06:33", "81.694282", "18.305718", "29586.000000", "-6074.000000", "588.000000", "-145.000000"
"23:07:03", "94.458288", "5.541712", "28082.000000", "-1095.000000", "573.000000", "-349.000000"
"23:07:33", "99.510042", "0.489958", "218568.000000", "-784.000000", "425.000000", "-26979.000000"
"23:08:03", "97.341513", "2.658487", "217768.000000", "-707.000000", "5832.000000", "-21660.000000"
"23:08:33", "83.205609", "16.794391", "10206.000000", "-1699.000000", "361.000000", "0.000000"
"23:09:03", "86.532770", "13.467230", "10600.000000", "-1550.000000", "361.000000", "-1679.000000"
"23:09:33", "71.602210", "28.397790", "1561.000000", "-1285.000000", "0.000000", "-1679.000000"
"23:10:03", "98.390315", "1.609685", "81742.000000", "-1436.000000", "0.000000", "-6032.000000"
"23:10:33", "71.406412", "28.593588", "80924.000000", "-34656.000000", "0.000000", "-5622.000000"
"23:11:04", "23.667456", "76.332544", "5799.000000", "-16748.000000", "1955.000000", "0.000000"
"23:11:34", "35.104239", "64.895761", "18253.000000", "-1839.000000", "32620.000000", "-387.000000"
"23:12:04", "16.821170", "83.178830", "13585.000000", "-5259.000000", "63831.000000", "-387.000000"
"23:12:34", "6.555083", "93.444917", "14847.000000", "-179353.000000", "32296.000000", "0.000000"
"23:13:04", "0.701223", "99.298777", "1265.000000", "-179134.000000", "0.000000", "0.000000"
"23:13:34", "3.693479", "96.306521", "3713.000000", "-96914.000000", "1466.000000", "-60.000000"
"23:14:04", "1.059307", "98.940693", "974.000000", "-95510.000000", "1067.000000", "-60.000000"
"23:14:34", "3.477413", "96.522587", "428.000000", "-11077.000000", "803.000000", "0.000000"
"23:15:04", "1.725486", "98.274514", "16923.000000", "-961064.000000", "2780.000000", "0.000000"
"23:15:34", "2.140065", "97.859935", "21065.000000", "-962931.000000", "320.000000", "0.000000"
"23:16:04", "84.523114", "15.476886", "21703.000000", "-3556.000000", "418.000000", "0.000000"
"23:16:35", "8.712879", "91.287121", "42752.000000", "-481873.000000", "343.000000", "-3273.000000"
"23:17:06", "8.820703", "91.179297", "45158.000000", "-491075.000000", "334.000000", "-2381.000000"
"23:17:36", "68.461181", "31.538819", "34434.000000", "-15437.000000", "1523.000000", "-2381.000000"
"23:18:06", "85.183473", "14.816527", "31982.000000", "-4110.000000", "1660.000000", "-1191.000000"
"23:18:36", "8.472331", "91.527669", "1943.000000", "-31931.000000", "1926.000000", "-1191.000000"
"23:19:06", "71.591997", "28.408003", "3456.000000", "-40665.000000", "4729.000000", "-110943.000000"
"23:19:36", "46.308954", "53.691046", "3413.000000", "-9426.000000", "0.000000", "-4717.000000"
"23:20:07", "67.842742", "32.157258", "2013.000000", "-3190.000000", "0.000000", "-4717.000000"
"23:20:37", "40.295142", "59.704858", "1090.000000", "-2717.000000", "196.000000", "-876.000000"
"23:21:07", "93.237878", "6.762122", "4694.000000", "-366.000000", "196.000000", "-3055.000000"
"23:21:37", "63.523132", "36.476868", "3817.000000", "-3454.000000", "31.000000", "-2252.000000"
"23:22:07", "94.939495", "5.060505", "97444.000000", "-15941.000000", "197.000000", "-205319.000000"
"23:22:38", "96.231414", "3.768586", "97484.000000", "-11714.000000", "163.000000", "-205797.000000"
"23:23:08", "9.650123", "90.349877", "1107.000000", "-7933.000000", "7122.000000", "-501.000000"
"23:23:38", "70.367885", "29.632115", "33527.000000", "-7006.000000", "7122.000000", "-23.000000"
"23:24:09", "82.255414", "17.744586", "32572.000000", "-3943.000000", "3399.000000", "-1462.000000"
"23:24:39", "47.855451", "52.144549", "49839.000000", "-54270.000000", "3405.000000", "-3092.000000"
"23:25:09", "49.546143", "50.453857", "52909.000000", "-54299.000000", "6.000000", "-419.000000"
"23:25:39", "10.957937", "89.042063", "2303.000000", "-18649.000000", "276.000000", "-26.000000"
"23:26:10", "12.117094", "87.882906", "1396.000000", "-22358.000000", "278.000000", "-1725.000000"
"23:26:40", "93.533776", "6.466224", "84204.000000", "-5918.000000", "906.000000", "-14505.000000"
"23:27:10", "92.782610", "7.217390", "83624.000000", "-6663.000000", "904.000000", "-13653.000000"
"23:27:40", "46.391829", "53.608171", "6268.000000", "-5632.000000", "1611.000000", "0.000000"
"23:28:10", "7.045749", "92.954251", "2612.000000", "-29834.000000", "4626.000000", "0.000000"
"23:28:40", "32.554963", "67.445037", "20494.000000", "-37832.000000", "4626.000000", "0.000000"
"23:29:10", "95.045974", "4.954026", "19572.000000", "-5237.000000", "1611.000000", "-111811.000000"
"23:29:40", "27.670966", "72.329034", "1169.000000", "-295191.000000", "127.000000", "-111811.000000"
"23:30:10", "1.848801", "98.151199", "8552.000000", "-452914.000000", "1104.000000", "0.000000"
"23:30:41", "6.495268", "93.504732", "8308.000000", "-163049.000000", "977.000000", "-3086.000000"
"23:31:12", "71.904621", "28.095379", "67190.000000", "-457.000000", "27138.000000", "-3434.000000"
"23:31:43", "20.891998", "79.108002", "6819.000000", "0.000000", "27138.000000", "-348.000000"
"23:32:14", "4.317686", "95.682314", "2308.000000", "-1095.000000", "105874.000000", "-2519.000000"
"23:32:44", "6.234059", "93.765941", "1100.000000", "-2015.000000", "106806.000000", "-6135.000000"
"23:33:14", "93.553578", "6.446422", "127752.000000", "-5796.000000", "3258.000000", "-3644.000000"
"23:33:44", "88.134535", "11.865465", "128399.000000", "-8859.000000", "8431.000000", "-28.000000"
"23:34:14", "2.094573", "97.905427", "1091.000000", "-10598.000000", "40398.000000", "0.000000"
"23:34:44", "2.492628", "97.507372", "1361.000000", "-14253.000000", "38987.000000", "0.000000"
"23:35:14", "3.813775", "96.186225", "2025.000000", "-18469.000000", "32603.000000", "0.000000"
"23:35:45", "13.511730", "86.488270", "1843.000000", "-10916.000000", "881.000000", "0.000000"
"23:36:15", "24.068854", "75.931146", "2391.000000", "-6662.000000", "881.000000", "0.000000"
"23:36:45", "60.602762", "39.397238", "19485.000000", "-12667.000000", "0.000000", "0.000000"
"23:37:15", "71.360660", "28.639340", "19393.000000", "-7602.000000", "1495.000000", "-3274.000000"
"23:37:45", "87.013222", "12.986778", "25614.000000", "-715.000000", "3597.000000", "-3277.000000"
"23:38:16", "91.048049", "8.951951", "28115.000000", "-715.000000", "2102.000000", "-536.000000"
"23:38:47", "89.500375", "10.499625", "34591.000000", "-1361.000000", "2697.000000", "0.000000"
"23:39:17", "98.534702", "1.465298", "710481.000000", "-1361.000000", "9206.000000", "-102.000000"
"23:39:47", "99.734944", "0.265056", "709319.000000", "0.000000", "1891.000000", "-2225.000000"
"23:40:17", "0.905128", "99.094872", "2460.000000", "-500014.000000", "1740.000000", "-2123.000000"
"23:40:47", "0.145945", "99.854055", "693.000000", "-500144.000000", "0.000000", "-38.000000"
"23:41:17", "97.732869", "2.267131", "51102.000000", "-175.000000", "1022.000000", "-499.000000"
"23:41:47", "87.162352", "12.837648", "55335.000000", "-8349.000000", "2601.000000", "-19011.000000"
"23:42:17", "69.728045", "30.271955", "6102.000000", "-9107.000000", "1579.000000", "-18512.000000"
"23:42:47", "18.735685", "81.264315", "1322.000000", "-45040.000000", "41179.000000", "-18556.000000"
"23:43:17", "1.972359", "98.027641", "1807.000000", "-50817.000000", "41179.000000", "-44.000000"
"23:43:47", "4.684478", "95.315522", "1807.000000", "-7544.000000", "29915.000000", "-34.000000"
"23:44:17", "63.726885", "36.273115", "5790.000000", "-978.000000", "2337.000000", "-34.000000"
"23:44:47", "91.523354", "8.476646", "46426.000000", "-417.000000", "3886.000000", "-34.000000"
"23:45:17", "88.304560", "11.695440", "65318.000000", "-1878.000000", "6773.000000", "0.000000"
"23:45:47", "93.929542", "6.070458", "51110.000000", "-1893.000000", "2887.000000", "-22852.000000"
"23:46:18", "95.605840", "4.394160", "30976.000000", "-1893.000000", "581.000000", "-22852.000000"
"23:46:48", "74.832127", "25.167873", "19814.000000", "-6128.000000", "581.000000", "-134.000000"
"23:47:18", "96.839103", "3.160897", "187607.000000", "-6128.000000", "0.000000", "-134.000000"
"23:47:48", "99.816488", "0.183512", "191583.000000", "0.000000", "362.000000", "-5317.000000"
"23:48:18", "99.698693", "0.301307", "141540.000000", "0.000000", "464.000000", "-11992.000000"
"23:48:48", "71.748231", "28.251769", "25939.000000", "-13395.000000", "102.000000", "-8338.000000"
"23:49:20", "67.587757", "32.412243", "22958.000000", "-14275.000000", "0.000000", "-6809.000000"
"23:49:50", "41.738113", "58.261887", "5876.000000", "-27386.000000", "0.000000", "-13743.000000"
"23:50:20", "72.897130", "27.102870", "27072.000000", "-13722.000000", "1480.000000", "-13816.000000"
"23:50:50", "25.012151", "74.987849", "27147.000000", "-3208.000000", "78561.000000", "-127.000000"
"23:51:20", "45.269806", "54.730194", "66292.000000", "-3326.000000", "77094.000000", "-227.000000"
"23:51:50", "98.277057", "1.722943", "73362.000000", "-1189.000000", "104.000000", "-391.000000"
"23:52:20", "91.629820", "8.370180", "17003.000000", "-1125.000000", "503.000000", "-819.000000"
"23:52:50", "83.261642", "16.738358", "12928.000000", "-2266.000000", "419.000000", "-428.000000"
"23:53:20", "99.920581", "0.079419", "11797573.000000", "-4812.000000", "4565.000000", "0.000000"
"23:53:51", "70.687750", "29.312250", "35182.000000", "-4090.000000", "10499.000000", "0.000000"
"23:54:23", "40.728130", "59.271870", "4665.000000", "-5181.000000", "1608.000000", "0.000000"
"23:54:53", "97.212492", "2.787508", "8466.000000", "-2061.000000", "0.000000", "-63410.000000"
"23:55:23", "90.280858", "9.719142", "35917.000000", "-4315.000000", "6378.000000", "-63410.000000"
"23:55:54", "71.050907", "28.949093", "35772.000000", "-7790.000000", "6785.000000", "0.000000"
"23:56:24", "63.758252", "36.241748", "23602.000000", "-12933.000000", "1285.000000", "-1411.000000"
"23:56:54", "38.783577", "61.216423", "35089.000000", "-53321.000000", "4291.000000", "-1411.000000"
"23:57:24", "94.291788", "5.708212", "27046.000000", "-5111.000000", "4717.000000", "-135299.000000"
"23:57:54", "62.889212", "37.110788", "15652.000000", "-577.000000", "19327.000000", "-18078.000000"
"23:58:25", "90.351484", "9.648516", "1789590.000000", "-3533.000000", "187799.000000", "-2098.000000"
"23:58:55", "51.681825", "48.318175", "1787502.000000", "-6717.000000", "1666409.000000", "-2098.000000"
"23:59:25", "0.288177", "99.711823", "4308.000000", "-3188.000000", "1498143.000000", "-31.000000"
"23:59:55", "34.937659", "65.062341", "5181.000000", "-4.000000", "9702.000000", "-31.000000"
